"","pathway","pval","padj","log2err","ES","NES","size","leadingEdge"
"1","KEGG_ANTIGEN_PROCESSING_AND_PRESENTATION",1.23251609226306e-11,1.52127700530755e-09,0.875325132024659,0.837268735650792,2.50450983518316,36,"H2-EB1 H2-AA H2-AB1 CD74 HSPA5 CALR PDIA3 H2-DMB1 LGMN CTSL CANX H2-DMA CTSB CTSS B2M H2-T23 HSPA4 HSP90AB1 NFYA H2-Q7 HSP90AA1 CIITA"
"2","KEGG_LYSOSOME",4.43417784640559e-11,4.78891207411804e-09,0.851339057116899,0.678784476844492,2.36287291644266,89,"HEXB CD63 CTSD LGMN CTSL GNS CTSB CTSS CD68 CLTC CTSZ CD164 LAPTM5 FUCA1 PSAP MAN2B1 PLA2G15 SCARB2 ACP2 CLN5 NAGLU LAMP2 NPC1 LAMP1 LAPTM4A SORT1 GLA ASAH1 TPP1 HEXA AGA ATP6V0A2 CTSA CTSH M6PR LIPA ARSB TCIRG1 CTSF GUSB"
"3","REACTOME_MHC_CLASS_II_ANTIGEN_PRESENTATION",6.61133779903011e-10,6.34688428706891e-08,0.801215574617779,0.687065059365146,2.33096065605814,74,"H2-EB1 H2-AA H2-AB1 CD74 CTSD H2-DMB1 LGMN CTSL CANX H2-DMA CTSB CTSS CLTC TUBB4B TUBA1B LAG3 DYNC1H1"
"4","KEGG_SYSTEMIC_LUPUS_ERYTHEMATOSUS",9.28531542525036e-07,6.41801002193305e-05,0.659444398037935,0.809631365034553,2.21733688541978,23,"C1QA C1QC H2-EB1 C1QB H2-AA H2-AB1 H2-DMB1 H2-DMA C4B"
"5","KEGG_INTESTINAL_IMMUNE_NETWORK_FOR_IGA_PRODUCTION",1.23322179107726e-06,7.61074019636254e-05,0.643551836150722,0.87135697635675,2.20599481503948,16,"H2-EB1 H2-AA H2-AB1 H2-DMB1 H2-DMA"
"6","REACTOME_COSTIMULATION_BY_THE_CD28_FAMILY",1.63326980933881e-05,0.000830085361922781,0.575610261071129,0.716971571999316,2.1052912202921,33,"H2-EB1 H2-AA H2-AB1 PIK3R1 PPP2R1A"
"7","WP_ALLOGRAFT_REJECTION",2.80742946388877e-05,0.00127664160884205,0.575610261071129,0.730430241718163,2.10173333828605,30,"C1QA C1QC H2-EB1 C1QB H2-AA H2-AB1 H2-DMB1 H2-DMA TUBA1B C4B H2-T23"
"8","REACTOME_COMPLEMENT_CASCADE",1.20045243354148e-05,0.000628600547018085,0.593325476396405,0.865700715619081,2.09035846137061,13,"C1QA C1QC C1QB CD81 CFH C3AR1 C4B"
"9","REACTOME_GENERATION_OF_SECOND_MESSENGER_MOLECULES",2.14705879110531e-05,0.00103058821973055,0.575610261071129,0.891373448966003,2.08519487563865,11,"H2-EB1 H2-AA H2-AB1 FYB"
"10","REACTOME_TRAFFICKING_AND_PROCESSING_OF_ENDOSOMAL_TLR",1.8750929089093e-05,0.00092576015617008,0.575610261071129,0.906207240932421,2.06148310704294,10,"HSP90B1 LGMN CTSL CTSB CTSS UNC93B1"
"11","WP_PHOTODYNAMIC_THERAPYINDUCED_UNFOLDED_PROTEIN_RESPONSE",0.000143030897995097,0.00504402840276587,0.518848077743792,0.769853097717168,2.04026817863231,19,"HSP90B1 HSPA5 CALR PDIA6 DNAJB11 DNAJC3 EDEM1 NARS DNAJB9"
"12","KEGG_ALLOGRAFT_REJECTION",9.80027304283148e-05,0.00376330484844729,0.538434096309916,0.869233306570782,2.0334023171751,11,"H2-EB1 H2-AA H2-AB1 H2-DMB1 H2-DMA H2-T23 H2-Q7"
"13","KEGG_AUTOIMMUNE_THYROID_DISEASE",9.80027304283148e-05,0.00376330484844729,0.538434096309916,0.869233306570782,2.0334023171751,11,"H2-EB1 H2-AA H2-AB1 H2-DMB1 H2-DMA H2-T23 H2-Q7"
"14","REACTOME_GLYCOSPHINGOLIPID_METABOLISM",0.000323522030312924,0.00963872531690919,0.49849310876659,0.737766608201879,2.01011847099473,21,"HEXB PSAP GLA ASAH1 HEXA CTSA ARSB CERK"
"15","WP_OXIDATIVE_DAMAGE",0.00013434911488568,0.0048365681358845,0.518848077743792,0.718233336582971,2.00266158430862,26,"C1QA C1QC C1QB C3AR1 C4B"
"16","WP_MICROGLIA_PATHOGEN_PHAGOCYTOSIS_PATHWAY",0.000204420040193673,0.00692623195009151,0.518848077743792,0.672763326057585,1.99553926169716,34,"C1QA C1QC C1QB TREM2 PIK3R1"
"17","WP_EBOLA_VIRUS_PATHWAY_ON_HOST",4.00779000879868e-05,0.00173136528380103,0.557332238758646,0.571093404450825,1.966442520459,83,"H2-EB1 H2-AA H2-AB1 H2-DMB1 CTSL H2-DMA BST2 CTSB PIK3R1 ITGA6 CLTC GAS6 AXL MERTK RHOB EIF2S1 H2-T23 NPC1"
"18","KEGG_VIRAL_MYOCARDITIS",0.000504268838565876,0.0136152586412787,0.477270815362862,0.680517180478945,1.95811394956028,30,"H2-EB1 H2-AA H2-AB1 H2-DMB1 CCND1 H2-DMA EIF4G1 H2-T23 MYH9 EIF4G2 H2-Q7"
"19","KEGG_PRION_DISEASES",0.00110695402705148,0.0239829090598802,0.45505986738723,0.726971616689024,1.92662348271074,19,"C1QA C1QC C1QB HSPA5 PRKACB"
"20","REACTOME_NUCLEAR_SIGNALING_BY_ERBB4",0.00080559389727288,0.0201748732534426,0.477270815362862,0.78909932746305,1.90539343015866,13,"SPARC STMN1 APOE"
"21","KEGG_CELL_ADHESION_MOLECULES_CAMS",0.000628602089077007,0.0162123046257473,0.477270815362862,0.628608474204642,1.9012030790553,39,"H2-EB1 H2-AA H2-AB1 H2-DMB1 H2-DMA ITGA6 SELPLG F11R SDC3 H2-T23 CD34 CADM1 H2-Q7"
"22","WP_COMPLEMENT_AND_COAGULATION_CASCADES",0.00198718546887833,0.039469614830135,0.431707695803346,0.732275944354344,1.89864771173009,18,"C1QA C1QC C1QB CFH CLTC C3AR1 LMAN1 C4B TFPI"
"23","REACTOME_ANTIGEN_PRESENTATION_FOLDING_ASSEMBLY_AND_PEPTIDE_LOADING_OF_CLASS_I_MHC",0.00480183288164964,0.0768293261063943,0.407017918923954,0.703093429818943,1.89764730907553,20,"HSPA5 CALR PDIA3 CANX B2M BCAP31 H2-T23 H2-Q7"
"24","WP_PRION_DISEASE_PATHWAY",0.000853304142288469,0.0203922025851736,0.477270815362862,0.692508399192129,1.89657229611674,23,"HSP90B1 HSPA5 PDIA3 MEF2C RAD21 POU2F2 CTCF"
"25","BIOCARTA_MHC_PATHWAY",0.00250499545546246,0.0474927514206285,0.431707695803346,0.801387836396958,1.87469103078233,11,"H2-EB1 CD74 B2M H2-Q7 PSMB9"
"26","REACTOME_ATF6_ATF6_ALPHA_ACTIVATES_CHAPERONE_GENES",0.00556382546242653,0.0828818137851124,0.407017918923954,0.798994581828193,1.81759067756168,10,"HSP90B1 HSPA5 CALR NFYA"
"27","KEGG_GLYCOSAMINOGLYCAN_DEGRADATION",0.00377264742643879,0.0632925704163712,0.431707695803346,0.758128298057371,1.79575352373272,12,"HEXB GNS NAGLU HEXA ARSB GUSB"
"28","WP_GLYCOSAMINOGLYCAN_DEGRADATION",0.00377264742643879,0.0632925704163712,0.431707695803346,0.758128298057371,1.79575352373272,12,"HEXB GNS NAGLU HEXA ARSB GUSB"
"29","REACTOME_ATF6_ATF6_ALPHA_ACTIVATES_CHAPERONES",0.00783239244775182,0.101762211651994,0.380730400722792,0.765703521608805,1.79121451437583,11,"HSP90B1 HSPA5 CALR NFYA"
"30","REACTOME_KERATAN_SULFATE_KERATIN_METABOLISM",0.00637222616164524,0.0886270853794592,0.407017918923954,0.706704706769978,1.78914837569429,16,"HEXB GNS ST3GAL6 HEXA B4GALT4"
"31","REACTOME_INTERFERON_GAMMA_SIGNALING",0.00228418064168368,0.0438562683203267,0.431707695803346,0.55821188651911,1.78003382176961,51,"H2-EB1 H2-AA H2-AB1 IRF8 B2M H2-T23 H2-K1 TRIM8 JAK1 H2-Q7 CIITA JAK2"
"32","REACTOME_RESPONSE_TO_ELEVATED_PLATELET_CYTOSOLIC_CA2",0.0021394621270466,0.0415392197251294,0.431707695803346,0.532037353095175,1.77534903874282,67,"SPARC CD63 HSPA5 PF4 SELENOP CD9 LGALS3BP MANF CD36 FAM3C PDGFB GAS6 PSAP LHFPL2 TRF CALU LAMP2 VEGFB STX4A PPIA"
"33","KEGG_GRAFT_VERSUS_HOST_DISEASE",0.00897169999995814,0.113161296349837,0.380730400722792,0.727051624078194,1.75557035685047,13,"H2-EB1 H2-AA H2-AB1 H2-DMB1 H2-DMA H2-T23"
"34","KEGG_COMPLEMENT_AND_COAGULATION_CASCADES",0.0164315646134571,0.172777001505014,0.352487857583619,0.684121447270764,1.74969074007638,17,"C1QA C1QC C1QB CFH C3AR1 C4B TFPI"
"35","KEGG_TYPE_I_DIABETES_MELLITUS",0.0147323860363633,0.160002281979087,0.380730400722792,0.7120735135339,1.74732295969446,14,"H2-EB1 H2-AA H2-AB1 H2-DMB1 H2-DMA H2-T23"
"36","WP_EXTRACELLULAR_VESICLES_IN_THE_CROSSTALK_OF_CARDIAC_CELLS",0.0123329148537714,0.141167342663047,0.380730400722792,0.767235660880644,1.74534398158084,10,"CD81 SPP1 CD63 BIRC5"
"37","BIOCARTA_ERAD_PATHWAY",0.0082265664578418,0.10608587193396,0.380730400722792,0.696039828451599,1.73884275109971,15,"CANX MAN2B1 SEC61A1 MAN1A2 MAN1C1 EDEM1 CUL1"
"38","REACTOME_REGULATION_OF_INSULIN_LIKE_GROWTH_FACTOR_IGF_TRANSPORT_AND_UPTAKE_BY_INSULIN_LIKE_GROWTH_FACTOR_BINDING_PROTEINS_IGFBPS",0.00682065336925469,0.0935403890640643,0.407017918923954,0.562860374140554,1.70235038232378,39,"CST3 SPP1 HSP90B1 GAS6 PDIA6 FUCA2 APOE GOLM1 TRF CSF1 DNAJC3 C4B CALU"
"39","BIOCARTA_CALCINEURIN_PATHWAY",0.020899326055568,0.199525057591279,0.352487857583619,0.693135792296137,1.70085259603943,14,"MARCKS NFATC1 NFATC3 CALM2 PPP3CA NFATC2"
"40","REACTOME_SIGNALING_BY_ERBB4",0.0091268930111056,0.114284573356453,0.380730400722792,0.61574897502759,1.69980975548054,25,"SPARC STMN1 PIK3R1 APOE ITCH NRAS"
"41","REACTOME_SPHINGOLIPID_METABOLISM",0.00944805166401092,0.11661595196722,0.380730400722792,0.543112155269175,1.69937776416989,45,"HEXB PSAP SGPL1 GLA ASAH1 HEXA CTSA ARSB CERK DEGS1"
"42","WP_ENDOCHONDRAL_OSSIFICATION",0.0185401579363963,0.186263912291237,0.352487857583619,0.617448297096944,1.68229927063762,21,"SPP1 MEF2C CTSL ADAMTS1 CALM2 PLAU KIF3A"
"43","WP_ENDOCHONDRAL_OSSIFICATION_WITH_SKELETAL_DYSPLASIAS",0.0185401579363963,0.186263912291237,0.352487857583619,0.617448297096944,1.68229927063762,21,"SPP1 MEF2C CTSL ADAMTS1 CALM2 PLAU KIF3A"
"44","REACTOME_NR1H2_AND_NR1H3_MEDIATED_SIGNALING",0.0108122315485681,0.130654098712767,0.380730400722792,0.602503441331756,1.67997005278167,26,"APOE NRIP1 GPS2 MYLIP PLTP ABCG1 ABCA1 SCD2 TNRC6A TNRC6B KDM1A TBL1XR1"
"45","PID_HDAC_CLASSII_PATHWAY",0.0128637120082921,0.145284276799534,0.380730400722792,0.605746517813075,1.66580984118603,24,"MEF2C TUBA1B RANBP2 YWHAE RAN TUBB2A HSP90AA1 SRF RANGAP1 NR3C1"
"46","REACTOME_PLASMA_LIPOPROTEIN_CLEARANCE",0.0217551810655977,0.202300449703321,0.352487857583619,0.610849393213615,1.66431990096063,21,"CLTC APOE NPC1 NCEH1 MYLIP LIPA"
"47","REACTOME_RND1_GTPASE_CYCLE",0.021775395627788,0.202300449703321,0.352487857583619,0.640157865003334,1.65980362308127,18,"ARHGAP5 PIK3R1 DST ANKRD26 CPD TMEM59 PLXNA1 TXNL1 KIDINS220 VANGL2 CCDC88A"
"48","BIOCARTA_HDAC_PATHWAY",0.0222266951666452,0.204167525280468,0.352487857583619,0.639534902744085,1.65818840428686,18,"PIK3R1 CAMK1 YWHAH NFATC1 CALM2 PIK3CG PPP3CA NFATC2 INSR"
"49","WP_PURINERGIC_SIGNALING",0.0210566918603916,0.199922876564597,0.352487857583619,0.686388220442859,1.65738274036402,13,"P2RY12 P2RY13 P2RX7 LPAR6 P2RY6"
"50","WP_OSTEOCLAST_SIGNALING",0.0261775544076962,0.225048825952732,0.352487857583619,0.727413390443072,1.65475439667895,10,"SPP1 PDGFB"
"51","WP_CANCER_IMMUNOTHERAPY_BY_PD1_BLOCKADE",0.0226853702824713,0.206317472884792,0.352487857583619,0.696518859733262,1.64982127684363,12,"H2-EB1 NFATC1 NFATC3 H2-Q7 NFATC2 JUN"
"52","REACTOME_PLATELET_ACTIVATION_SIGNALING_AND_AGGREGATION",0.000979914690871862,0.0217088793054689,0.45505986738723,0.444797343279408,1.6441204222685,137,"SPARC P2RY12 CD63 HSPA5 ABHD12 PF4 SELENOP CD9 LGALS3BP PIK3R1 MANF CD36 FAM3C PDGFB GAS6 PSAP GNA12 LHFPL2 TRF RHOB ITPR2 CALU LAMP2 VEGFB STX4A PPIA"
"53","REACTOME_IRE1ALPHA_ACTIVATES_CHAPERONES",0.017631546777351,0.180454214327852,0.352487857583619,0.545821050853558,1.63265975295174,35,"HSPA5 PDIA6 DNAJB11 DNAJC3 MYDGF EDEM1 DNAJB9 TPP1 TLN1"
"54","REACTOME_RND3_GTPASE_CYCLE",0.0273556831068473,0.227262598118424,0.352487857583619,0.596181374146857,1.63097390524867,22,"CKB ARHGAP5 PIK3R1 DST ANKRD26 CPD TXNL1"
"55","REACTOME_RHOU_GTPASE_CYCLE",0.0286477135872104,0.232409620087791,0.352487857583619,0.595084477800429,1.62136682160814,21,"PIK3R1 CLTC DST SRGAP2 SPTAN1 TXNL1"
"56","BIOCARTA_NFAT_PATHWAY",0.0319377447583545,0.247481717230657,0.321775918075361,0.559930162395963,1.61113795980204,30,"CALR MEF2C PIK3R1 CAMK1 PRKACB NFATC1 NFATC3 CALM2 PIK3CG PPP3CA NFATC2"
"57","REACTOME_COLLAGEN_FORMATION",0.0281900412988674,0.230818948568457,0.352487857583619,0.644856986947956,1.61097806679382,15,"CTSL CTSB CTSS ITGA6 DST COLGALT1"
"58","WP_VITAMIN_D_RECEPTOR_PATHWAY",0.0111236917536633,0.13348430104396,0.380730400722792,0.495988400823614,1.60124414391141,55,"H2-EB1 H2-AA CST3 SPP1 S100A9 CD9 TIMP2 CCND1 S100A8 CEBPA IRF8 NRIP1"
"59","REACTOME_REGULATION_OF_HSF1_MEDIATED_HEAT_SHOCK_RESPONSE",0.0195461359927073,0.193004131402276,0.352487857583619,0.515108678492602,1.60092044300595,44,"HSPA5 RANBP2 YWHAE NUP214 HSPA4 HSPA9 TPR POM121 DNAJB6 ST13 HSPH1 CRYBA4 BAG4 DNAJC2 DNAJC7 HSPA13 HSPA14 GSK3B NUP35 DNAJB1 MRPL18 NUP153 SEC13 MAPK3"
"60","REACTOME_CELLULAR_RESPONSE_TO_HEAT_STRESS",0.0164978039631524,0.172777001505014,0.352487857583619,0.49306423113413,1.5944429409518,56,"HSPA5 RANBP2 YWHAE NUP214 HSPA4 VCP HSPA9 TPR HSP90AB1 HSP90AA1 POM121 DNAJB6 ST13 HSPH1 CRYBA4 BAG4 DNAJC2 DNAJC7 HSPA13 HSPA14 GSK3B NUP35 DNAJB1 PTGES3 MRPL18 NUP153 SEC13"
"61","REACTOME_MITOTIC_PROMETAPHASE",0.00781295030291172,0.101762211651994,0.380730400722792,0.444755446421715,1.58803616107388,105,"TUBB4B TUBB5 RAD21 TUBA1B RANBP2 DYNC1H1 YWHAE RCC2 CSNK1E NUMA1 CENPF CLIP1 PPP2R1A TUBB2A STAG1 CSNK1D CLASP2 WAPL KIF2C SMC4 CCNB2 HSP90AA1 CEP250 NEK6 PDS5A NDE1 CDCA8 AKAP9 NEK2 EML4 BIRC5 HAUS3 PPP1CC RANGAP1 HAUS2 CEP290 NEK9 DYNC1LI1 PCM1 TUBA1C"
"62","WP_MRNA_PROCESSING",0.00543160401626919,0.0823316819308172,0.407017918923954,0.43373575240357,1.56651271726795,114,"DHX9 SRSF1 TMED10 HNRNPA2B1 SF3A3 FUS CELF2 PTBP1 HNRNPA1 HNRNPU HNRNPM PRPF4B SRPK2 HNRNPH1 POLR2A NCBP2 SNRPF SNRNP70 HNRNPL SUPT5 DDX1 PRMT1 PRPF40A RNGTT DNAJC8 SRSF4 DHX15 SNU13 SRSF7 PRPF8 LSM2 DICER1 NCBP1 NONO SRP54A METTL3 PSKH1 LSM7 RBM5 SF3B1 CSTF2 SRSF6"
"63","KEGG_GAP_JUNCTION",0.020225859459905,0.196349916554584,0.352487857583619,0.521437573534115,1.56216849254231,37,"TUBB4B PDGFB TUBB5 PRKACB TUBA1B ITPR2 NRAS TUBB2A TJP1 CSNK1D"
"64","REACTOME_INTERFERON_SIGNALING",0.00848916276486256,0.108661283390241,0.380730400722792,0.431673163952354,1.54362675667155,109,"H2-EB1 H2-AA H2-AB1 BST2 EIF4G1 EIF4A2 IRF8 KPNA3 RANBP2 B2M H2-T23 NUP214 H2-K1 TRIM8 JAK1 EIF4G2 TPR H2-Q7 POM121 CIITA JAK2 ABCE1 KPNA4"
"65","REACTOME_UNFOLDED_PROTEIN_RESPONSE_UPR",0.0198602410990374,0.194423439488682,0.352487857583619,0.462097453253483,1.51995439793309,63,"HSP90B1 HSPA5 CALR PDIA6 DNAJB11 DNAJC3 EIF2S1 MYDGF EDEM1 DNAJB9 EXOSC1 TPP1 NFYA TLN1"
"66","REACTOME_TRANSPORT_TO_THE_GOLGI_AND_SUBSEQUENT_MODIFICATION",0.0166536935624008,0.17335893057728,0.352487857583619,0.405432123218316,1.48398592713126,123,"CTSZ TUBB4B FUCA1 LMAN1 TUBA1B TMED10 DYNC1H1 KDELR2 MAN1A2 MAN1C1 COPB2 TMED3 RAB1A SPTAN1 TUBB2A COG5 CSNK1D MGAT1 MGAT4A COPA SCFD1 B4GALT4 TMED9 COPG1 GOLGB1 TMED7 MCFD2 ANKRD28 MGAT2 COPB1 PPP6C MAN1A TRAPPC6B MIA3 MGAT5 DYNC1LI1 SAR1B TUBA1C CAPZA1 ARF3 KDELR1 LMAN2 DCTN6 TFG PPP6R1 DYNC1LI2 SEC24C SEC13 MGAT4B"
"67","REACTOME_ADAPTIVE_IMMUNE_SYSTEM",0.000571204644004988,0.0149551761339488,0.477270815362862,0.364526762431625,1.4784813981553,436,"H2-EB1 H2-AA H2-AB1 CD81 CD74 S100A9 HSPA5 CTSD CALR PDIA3 H2-DMB1 LGMN TREM2 CTSL CANX LAIR1 H2-DMA S100A8 CTSB CTSS PIK3R1 CD36 CLTC TUBB4B ITGB5 PRKACB TUBA1B LAG3 DYNC1H1 B2M SEC61A1 MRC1 PSMD14 ITPR2 RASGRP3 BCAP31 H2-T23 BLNK CD34 ITCH STX4A PPIA HERC2 NRAS ANAPC1 FCGR4 PPP2R1A TPP2 PTPRJ MYLIP IGHM NFATC1 TUBB2A PSMD7 NFATC3 H2-Q7 ANAPC2 CTSA KIF2C TRIM32 CTSH ZNRF2"
"68","REACTOME_ASPARAGINE_N_LINKED_GLYCOSYLATION",0.0117184014762379,0.138694505143418,0.380730400722792,0.38211124365343,1.45583687633201,198,"CALR PDIA3 CANX CTSZ TUBB4B RPN1 FUCA1 LMAN1 TUBA1B MLEC TMED10 DYNC1H1 DDOST KDELR2 MAN1A2 VCP ST3GAL6 MAN1C1 COPB2 TMED3 RAB1A EDEM1 SPTAN1 TUBB2A COG5 CSNK1D MGAT1 CTSA MGAT4A NPL ST3GAL5 COPA SCFD1 B4GALT4 TMED9 COPG1 GOLGB1 TMED7 STT3A MCFD2 OS9 ANKRD28 MGAT2 PGM3 RPN2 COPB1 PPP6C MAN1A PRKCSH TRAPPC6B MIA3 DERL2 MGAT5 DYNC1LI1 TUSC3 SAR1B TUBA1C CAPZA1 DAD1 ARF3 KDELR1 LMAN2 RENBP DHDDS DCTN6 TFG AMFR PPP6R1 DYNC1LI2 SEC24C SEC13 MGAT4B ALG10B DPAGT1"
"69","REACTOME_HEMOSTASIS",0.0152744638883408,0.162927614808969,0.380730400722792,0.34898394219634,1.37029468241086,285,"SPARC CD74 P2RY12 CD63 HSPA5 ABHD12 PF4 SELENOP CD9 SIRPA LGALS3BP JMJD1C PIK3R1 MANF CD36 ITGA6 SERPINE2 FAM3C TUBB4B PDGFB GAS6 DOCK2 PSAP SELPLG PRKACB GNA12 LHFPL2 TRF TUBA1B DOCK10 MERTK F11R RHOB SDC3 ITPR2 CALU LAMP2 P2RX7 VEGFB STX4A PPIA TFPI NRAS ABHD6 PPP2R1A KIF21B IGHM ATP2A2 TUBB2A APBB1IP RAB5A DGKZ ATP2B1 CD48 KIF2C TLN1 KIF13B TRP53 TSPAN7 SH2B1 JAK2 PLAU JAM2 PIK3CG CAP1 HMG20B GNA15"
"70","WP_NONALCOHOLIC_FATTY_LIVER_DISEASE",0.0324708396790923,0.249376048735429,0.321775918075361,-0.313819101303753,-1.33019195011253,121,"IL1B MT-CO1 UQCRH SOCS3 MT-CO3 MT-CO2 COX7A2L IL1A NDUFB2 NDUFA2 COX6B1 SDHD COX5B NDUFA3 NDUFS3 COX6C CDC42 NDUFS2 UQCRFS1 NDUFA11 IKBKB CASP3 PIK3CB VMP1 NDUFB3 FAS CASP8 XBP1 NDUFA1 NDUFA9 NDUFA6 BAX TGFB1 NDUFB7 NDUFB10 PIK3CA NDUFV3 NDUFB11 MT-CYTB AKT2 RAC1 SDHC NDUFA8 MLX NDUFB8 UQCRC1 COX7C UQCRB IRS2"
"71","WP_VEGFAVEGFR2_SIGNALING_PATHWAY",0.00140321669297565,0.0295702249446575,0.45505986738723,-0.294184197094981,-1.3846469265557,283,"PTGS2 ACTG1 NFKBIA SOD2 FN1 ANXA1 TMSB10 PLAUR VEGFA PRDX6 GPX1 PGK1 ALDOA EIF3F LDHA RAP1A GAPDH RPL7 TXN1 CCRL2 CAPN2 ATP6V1E1 CYBB PTPN1 MAPKAPK2 RPL26 RACK1 PFN1 NCF2 GJA1 NDRG1 LRRFIP2 MAP2K3 PGD RPL18A DPM1 RAP1B RPS11 CSRP2 RPS6 RPL27 HRAS RHOA EIF3H PRDX2 MDM2 ICAM1 NR4A1 CLIC1 MAP2K1 STAT3 ACOT9 CDC42 SH3BGRL3 PLOD3 GLUD1 EPS15"
"72","KEGG_FOCAL_ADHESION",0.0283180654493709,0.230818948568457,0.352487857583619,-0.340831302846389,-1.39655147982315,92,"THBS1 ACTG1 FN1 VEGFA RAP1A MYL12A PTEN ZYX CAPN2 DIAPH1 MYL12B ITGA4 RAP1B MET HRAS RHOA BIRC3 CCND3 FLNA MAP2K1 VAV3 ITGA1 CDC42 BAD"
"73","REACTOME_CELLULAR_SENESCENCE",0.0251723806915405,0.220466742893614,0.352487857583619,-0.344998082240118,-1.40972392454658,89,"CEBPB FOS H3F3A UBA52 CDKN2D KDM6B TXN1 RPS27A MAPKAPK2 LMNB1 MAP2K3 H3F3B ETS2 IL1A"
"74","WP_MYOMETRIAL_RELAXATION_AND_CONTRACTION_PATHWAYS",0.0291708467256129,0.234662079943392,0.352487857583619,-0.365815764462779,-1.4268581545273,70,"IL1B ACTG1 FOS YWHAZ GJA1 ETS2 IGFBP6 ATF3 GNB2 PDE4B RAMP1 PRKAR1A"
"75","WP_LEPTIN_SIGNALING_PATHWAY",0.0251397191194732,0.220466742893614,0.352487857583619,-0.384948135728271,-1.44820517397012,59,"IL1B IL1RN EIF4EBP1 SOCS3 PTEN PTPN1 RPS6 HRAS RHOA MAP2K1 STAT3 CDC42 BAD ROCK1 IKBKB"
"76","WP_FOCAL_ADHESION",0.0194112424505482,0.192773718129582,0.352487857583619,-0.354874358462809,-1.46144710517824,93,"THBS1 ACTG1 FN1 VEGFA FGR RAP1A MYL12A PTEN ZYX CAPN2 DIAPH1 MYL12B ITGA4 RAP1B MET HRAS RHOA BIRC3 CCND3 FLNA MAP2K1 VAV3 ITGA1 CDC42 BAD"
"77","KEGG_PARKINSONS_DISEASE",0.0125388278052222,0.14254667399621,0.380730400722792,-0.35639467128991,-1.47483554162759,103,"MT-CO1 UQCRH ATP5H MT-CO3 MT-ATP6 MT-CO2 COX7A2L ATP5D SLC25A5 NDUFB2 NDUFA2 COX6B1 SDHD COX5B NDUFA3 NDUFS3 COX6C ATP5E NDUFS2 UQCRFS1 APAF1 CASP3 MT-ATP8 NDUFB3 UBB UBE2J2 NDUFA1 NDUFA9 NDUFA6 MT-ND3 NDUFB7 NDUFB10 NDUFV3 MT-CYTB ATP5C1 SDHC NDUFA8 NDUFB8 UQCRC1 COX7C UQCRB VDAC3 NDUFA7 CYC1 NDUFB5"
"78","REACTOME_PROGRAMMED_CELL_DEATH",0.00407183325633022,0.0670107415898917,0.407017918923954,-0.344578053791546,-1.47581691732431,144,"IL1B CD14 VIM UBA52 SEM1 PSMA7 RPS27A DYNLL1 PLEC YWHAZ CASP4 LMNB1 IL1A LMNA CHMP4B PSMD8 FLOT2 BIRC3 HMGB2 ADD1 STAT3 IL18 PSMB1 BAD YWHAG IRF2 DBNL APAF1 ROCK1 PSMD10 CASP3 FLOT1 FAS UBB CASP6 YWHAQ PSMD6 CASP8 PSME2 PPP3R1 CHMP2A MAPK1"
"79","WP_TNF_ALPHA_SIGNALING_PATHWAY",0.0245639157523544,0.218796115567363,0.352487857583619,-0.389188025829148,-1.4944576108525,65,"NFKBIA PYGL TRAF1 TXN1 TNFRSF1B MAP2K3 NFKBIE TNFAIP3 HRAS NFKBIB BIRC3 TANK NFKB2 BAD APAF1 IKBKB CASP3"
"80","REACTOME_CYTOKINE_SIGNALING_IN_IMMUNE_SYSTEM",5.28101252865468e-05,0.00222575357305251,0.557332238758646,-0.298894555351698,-1.49882691464955,402,"CXCL2 IL1B PTGS2 NFKBIA SOD2 FN1 NOS2 ANXA2 VIM IL1RN ANXA1 IFITM1 FOS TIMP1 MCL1 HIF1A RPLP0 PITPNA IFITM2 CD44 SERPINB2 VEGFA SDC1 F13A1 TALDO1 CCR1 HMOX1 UBA52 JUNB CCR2 TNFRSF9 SOCS3 SAMHD1 SEM1 PSMA7 RPS27A BOLA2 IRAK3 PTPN1 YWHAZ IFITM3 MAPKAPK2 PIM1 IL7R TNFRSF1B LMNB1 MAP2K3 IL1A GBP5 MIF FPR1 SYK OAS3 TNFSF9 RAP1B PSMD8 HRAS NFKBIB BIRC3 IRF5 LCP1 NKIRAS2 CEBPD PRTN3 FLNA NFKB2 ICAM1 SMARCA4 MAP2K1 STAT3 IL18 CDC42 PSMB1"
"81","WP_CHEMOKINE_SIGNALING_PATHWAY",0.00749079987471962,0.0988099403321795,0.407017918923954,-0.367706474093197,-1.50300297776508,91,"CXCL2 NFKBIA CCL6 CCL9 CCR1 FGR CCR2 RAP1A GNG10 PLCB1 GNAI2 RASGRP2 GNB2 RAP1B GNGT2 HRAS NFKBIB MAP2K1 VAV3 STAT3 CDC42 CXCR4 PRKX LYN ROCK1 IKBKB ARRB1 PIK3CB"
"82","WP_IL4_SIGNALING_PATHWAY",0.0306573870173508,0.240114332524166,0.352487857583619,-0.422532402068036,-1.51052757746887,43,"NFKBIA CEBPB FOS NFIL3 SOCS3"
"83","REACTOME_C_TYPE_LECTIN_RECEPTORS_CLRS",0.00747804846290163,0.0988099403321795,0.407017918923954,-0.368858574781682,-1.52641377592203,103,"IL1B CLEC4E NFKBIA CLEC4D CLEC4N MALT1 UBA52 SEM1 PSMA7 RPS27A"
"84","REACTOME_THE_CITRIC_ACID_TCA_CYCLE_AND_RESPIRATORY_ELECTRON_TRANSPORT",0.00360173053479367,0.0622379036412346,0.431707695803346,-0.357458917922823,-1.5276726860525,132,"MT-CO1 LDHA UQCRH ATP5H MT-CO3 SLC16A3 MT-ATP6 MT-CO2 COX7A2L ATP5D ATP5J2 NDUFB2 ATP5L NDUFA2 COX6B1 SDHD COX5B NDUFA3 NDUFS3 COX6C ATP5E NDUFS2 UQCRFS1 MPC1 NDUFA11 MT-ATP8 NDUFB3 COX19 ATP5K UCP2 PDK3 NDUFA1 NDUFA9 NDUFA6 MT-ND3 NDUFB7 ME2 NDUFB10 NDUFV3 NDUFB11 MT-CYTB ATP5C1 SDHC NDUFA8 NDUFB8 SLC16A1 UQCRC1 BSG COX7C UQCRB"
"85","REACTOME_CYTOSOLIC_SENSORS_OF_PATHOGEN_ASSOCIATED_DNA",0.0252618142898933,0.220466742893614,0.352487857583619,-0.428527901222115,-1.53196112142574,43,"NFKBIA UBA52 IFI205 LRRFIP1 RPS27A POLR1D POLR2L NFKBIB NKIRAS2 NFKB2"
"86","REACTOME_INTERLEUKIN_1_FAMILY_SIGNALING",0.00641110281969468,0.0886270853794592,0.407017918923954,-0.373701577765361,-1.53374366549986,100,"IL1B NFKBIA IL1RN UBA52 SEM1 PSMA7 RPS27A IRAK3 IL1A PSMD8 NFKBIB NKIRAS2 NFKB2 MAP2K1 STAT3 IL18 PSMB1 PSMD10 IKBKB RIPK2"
"87","WP_IL1_SIGNALING_PATHWAY",0.0230629573658617,0.208653352503713,0.352487857583619,-0.432923507019226,-1.54767514416984,43,"IL1B NFKBIA IRAK3 MAPKAPK2 MAP2K3 IL1A NFKBIB MAP2K1 IKBKB MAPK14 MAPK1 MYD88 SQSTM1 MAP2K4 REL MAP2K2"
"88","REACTOME_RESPIRATORY_ELECTRON_TRANSPORT",0.00691985262631681,0.0941535853407516,0.407017918923954,-0.384145298396593,-1.55278319920122,86,"MT-CO1 UQCRH MT-CO3 MT-CO2 COX7A2L NDUFB2 NDUFA2 COX6B1 SDHD COX5B NDUFA3 NDUFS3 COX6C NDUFS2 UQCRFS1 NDUFA11 NDUFB3 COX19 NDUFA1 NDUFA9 NDUFA6 MT-ND3 NDUFB7 NDUFB10 NDUFV3 NDUFB11 MT-CYTB SDHC NDUFA8 NDUFB8 UQCRC1 COX7C UQCRB NDUFA7 CYC1 NDUFB5 COX4I1 MT-ND4 NDUFS8"
"89","WP_AMINO_ACID_METABOLISM",0.0213940454207211,0.201054471729749,0.352487857583619,-0.436430526227249,-1.55607707042615,44,"ARG1 GSR PKM LDHA HMGCL ARG2 ASS1 IDH1 AUH ACLY"
"90","KEGG_EPITHELIAL_CELL_SIGNALING_IN_HELICOBACTER_PYLORI_INFECTION",0.0273133896308897,0.227262598118424,0.352487857583619,-0.444415922745399,-1.56342067894818,41,"CXCL2 NFKBIA ATP6V1E1 ATP6V1F ATP6V1D MET CDC42 LYN IKBKB CASP3"
"91","WP_RANKLRANK_RECEPTOR_ACTIVATOR_OF_NFKB_LIGAND_SIGNALING_PATHWAY",0.0194022078643106,0.192773718129582,0.352487857583619,-0.438286192502009,-1.56684641783167,43,"NFKBIA FOS SPI1 TRAF1 ACP5 SYK NFKB2 ICAM1 MAP2K1 CDC42 LYN IKBKB CTSK"
"92","REACTOME_INTERLEUKIN_1_SIGNALING",0.00581268940399652,0.0854160934346361,0.407017918923954,-0.38848430496414,-1.57032223072765,86,"IL1B NFKBIA IL1RN UBA52 SEM1 PSMA7 RPS27A IRAK3 IL1A PSMD8 NFKBIB NKIRAS2 NFKB2 MAP2K1 PSMB1 PSMD10 IKBKB RIPK2"
"93","WP_PATHWAYS_IN_CLEAR_CELL_RENAL_CELL_CARCINOMA",0.0136851044204505,0.152566841538958,0.380730400722792,-0.432156564700535,-1.57163067258893,48,"HIF1A VEGFA ENO1 PGK1 ALDOA PKM PFKP LDHA GAPDH PTEN GPI1 TPI1 SLC2A1 ACLY"
"94","BIOCARTA_HIVNEF_PATHWAY",0.0179379103837207,0.182333583194526,0.352487857583619,-0.442235497853617,-1.58096494369206,43,"ACTG1 NFKBIA ARHGDIB TRAF1 TNFRSF1B LMNB1 LMNA BIRC3 MDM2 DAXX APAF1 CASP3 FAS CASP6 CASP8"
"95","WP_SMALL_CELL_LUNG_CANCER",0.0120131876393959,0.139320726448833,0.380730400722792,-0.429069467584234,-1.58300250438903,53,"PTGS2 NFKBIA FN1 NOS2 TRAF1 PTEN NFKBIB BIRC3 GADD45A APAF1 MAX E2F2 IKBKB CASP3 PIK3CB CDKN1B"
"96","REACTOME_LEISHMANIA_INFECTION",0.00162163056159342,0.0333592572670646,0.45505986738723,-0.376701787595673,-1.58317932576691,112,"IL1B ACTG1 HMOX1 C3 FGR MEFV ARPC1B ARPC3 TXN1 ARPC2 PSTPIP1 GNG10 NLRP3 ADORA2B IL1A GNAI2 SYK ARPC5 GNB2 BRK1 GNGT2 RHBDF2 RAMP1 NFKB2 PRKAR1A VAV3 IL18 CDC42 SUGT1 PRKX LYN ACTR3 PRKAR2B DPEP2 FURIN APP WIPF2 MAPK14 GNG2 GNG5 MAPK1 GNG12 FYN CASP1 GRB2 NT5E"
"97","KEGG_SMALL_CELL_LUNG_CANCER",0.0265684598566119,0.226361116561562,0.352487857583619,-0.440402942680305,-1.58338358685574,46,"PTGS2 NFKBIA FN1 NOS2 TRAF1 PTEN"
"98","WP_APOPTOSIS",0.0119138790747073,0.139320726448833,0.380730400722792,-0.428275509811637,-1.58432478462277,54,"NFKBIA MCL1 TRAF1 CASP4 TNFRSF1B NFKBIE NFKBIB BIRC3 IRF5 MDM2 BNIP3L BAD IRF2 APAF1 TNFRSF21 IKBKB CASP3 FAS CASP6 CASP8 BAX CASP1 MAP2K4"
"99","BIOCARTA_41BB_PATHWAY",0.0322968817038639,0.249147373144093,0.321775918075361,-0.628156799409235,-1.58676010853171,12,"NFKBIA TNFRSF9 TNFSF9"
"100","KEGG_CARDIAC_MUSCLE_CONTRACTION",0.0307090668332412,0.240114332524166,0.352487857583619,-0.475831997728166,-1.60161273911972,35,"MT-CO1 UQCRH MT-CO3 MT-CO2 COX7A2L TPM4 COX6B1 COX5B COX6C UQCRFS1"
"101","WP_TCELL_ANTIGEN_RECEPTOR_TCR_SIGNALING_PATHWAY",0.00940237323720985,0.11661595196722,0.380730400722792,-0.424262396962477,-1.60202774084498,61,"IL1B NFKBIA VIM FOS MALT1 TNFRSF9 PSTPIP1 IL1A HRAS MAP2K1 VAV3 CDC42 DBNL IKBKB RIPK2 FAS BCL10 MAPK14 MAPK1 TGFB1 FYN GRB2 REL MAP2K2"
"102","BIOCARTA_RANKL_PATHWAY",0.0281296042274589,0.230818948568457,0.352487857583619,-0.634871072650929,-1.60372074789393,12,"FOS FOSL2"
"103","PID_HIV_NEF_PATHWAY",0.0219134018585291,0.202493895248868,0.352487857583619,-0.512460609960844,-1.61340814002253,25,"NFKBIA TRAF1 BIRC3 DAXX APAF1 CASP3 FAS CASP6 CASP8"
"104","KEGG_CYTOSOLIC_DNA_SENSING_PATHWAY",0.0269988942232954,0.226691582771544,0.352487857583619,-0.503240910884155,-1.61506569658409,28,"IL1B NFKBIA IKBKE POLR1D NFKBIB IL18"
"105","KEGG_APOPTOSIS",0.00615378128870212,0.0881503579325061,0.407017918923954,-0.430272657955193,-1.61871959267895,59,"IL1B NFKBIA CAPN2 IRAK3 CHP1 IL1A BIRC3 PRKAR1A BAD PRKX APAF1 IKBKB CASP3 PIK3CB CAPN1 CSF2RB2 PRKAR2B FAS CASP6 CASP8 PPP3R1 MYD88 BAX"
"106","WP_PHOTODYNAMIC_THERAPYINDUCED_NFE2L2_NRF2_SURVIVAL_SIGNALING",0.0260459694715654,0.225037176234325,0.352487857583619,-0.641502393074096,-1.62047184367808,12,"FOS HMOX1 SRXN1 NFE2L2 GCLM GSTP1 MAPK14 ABCC4"
"107","KEGG_HUNTINGTONS_DISEASE",0.000279296182858223,0.00861828221391088,0.49849310876659,-0.381398268828607,-1.6208763996301,137,"SOD2 TGM2 GPX1 MT-CO1 UQCRH ATP5H MT-CO3 MT-ATP6 MT-CO2 COX7A2L ATP5D PLCB1 SLC25A5 NDUFB2 NDUFA2 COX6B1 SDHD POLR2L COX5B NDUFA3 NDUFS3 POLR2I POLR2C COX6C ATP5E NDUFS2 CLTB UQCRFS1 APAF1 POLR2J CASP3 MT-ATP8 NDUFB3 RCOR1 CASP8 IFT57 NDUFA1 SOD1 NDUFA9 AP2A2 NDUFA6 BAX NDUFB7"
"108","REACTOME_ROS_AND_RNS_PRODUCTION_IN_PHAGOCYTES",0.0296803168030373,0.236348329196537,0.352487857583619,-0.528602154311391,-1.62140926541055,24,"NOS2 ATP6V1E1 CYBB NCF4 NCF2 ATP6V1F ATP6V1D"
"109","BIOCARTA_BARRESTIN_SRC_PATHWAY",0.024795790277822,0.219728849231161,0.352487857583619,-0.64539439039694,-1.63030325217387,12,"FGR PLCB1 HRAS MAP2K1 ARRB1 MAPK1 MAP2K2"
"110","BIOCARTA_NFKB_PATHWAY",0.029527859408356,0.236222875266848,0.352487857583619,-0.601714434874249,-1.63845367035973,16,"NFKBIA TNFRSF1B IL1A TNFAIP3"
"111","KEGG_ALZHEIMERS_DISEASE",0.00093063050597478,0.0211264424538963,0.477270815362862,-0.389073080625752,-1.63917440985466,123,"IL1B MT-CO1 UQCRH ATP5H MT-CO3 GAPDH MT-ATP6 MT-CO2 COX7A2L CAPN2 ATP5D PLCB1 CHP1 NDUFB2 NDUFA2 COX6B1 SDHD HSD17B10 COX5B NDUFA3 NDUFS3 COX6C ATP5E NDUFS2 BAD UQCRFS1 APAF1 CASP3 MT-ATP8 CAPN1 LPL NDUFB3 FAS APP CASP8 PPP3R1 MAPK1 NDUFA1 NDUFA9 NDUFA6"
"112","REACTOME_PEROXISOMAL_PROTEIN_IMPORT",0.0223308230775512,0.204167525280468,0.352487857583619,-0.487929234285533,-1.64233107725362,35,"NOS2 UBA52 HMGCL RPS27A IDH1 SCP2 ACOT8 ACAA1A PEX13 UBB"
"113","KEGG_OXIDATIVE_PHOSPHORYLATION",0.00167888109780549,0.0341306651412693,0.45505986738723,-0.398164246539759,-1.64303291449904,105,"MT-CO1 UQCRH ATP5H MT-CO3 MT-ATP6 MT-CO2 COX7A2L ATP6V1E1 ATP5D ATP5J2 NDUFB2 ATP5L COX17 ATP6V1F NDUFA2 ATP6V1D COX6B1 SDHD COX5B NDUFA3 NDUFS3 COX6C ATP5E NDUFS2 UQCRFS1 NDUFA11 MT-ATP8 NDUFB3 ATP5K ATP6V0E NDUFA1 NDUFA9 NDUFA6 MT-ND3 NDUFB7 NDUFB10 ATP6V0C NDUFV3 MT-CYTB ATP5C1 SDHC NDUFA8 NDUFB8 UQCRC1 COX7C UQCRB PPA2 NDUFA7 CYC1 NDUFB5 COX4I1 MT-ND4 ATP6V0B NDUFS8"
"114","REACTOME_DEVELOPMENTAL_BIOLOGY",1.0205725948234e-06,6.53166460686979e-05,0.643551836150722,-0.323539215712727,-1.64449872042344,432,"ACTG1 CEBPB RPLP0 PITPNA H3F3A RPSA RPS5 UBA52 RRAS RPS10 SPI1 MYL12A RPS7 SEM1 RPS16 RPL7 RPS3A1 ARPC1B RPL19 ARPC3 RPS18 PSMA7 RPS27A RPS15A RPS4X RPS27 RPS13 RPL4 RPS24 RPL9 ARPC2 RPL28 FAU RPL22L1 RPL37A MYL6 RPL35 RPL22 RPS9 RPL34 RPL24 RPL8 RPS19 RPL13 RPS3 RPL17 RPL26 RPS20 PFN1 RPL32 RPL18 RPS26 RPS14 RARA H3F3B RPL18A MYL12B RPL36 RPL39 RPL35A ARPC5 RPL36A RPS28 RPL15 MET RPS11 RPL37 RPL21 RPL23 POLR2L PSMD8 RPS6 RPL27A RPL27 HRAS RHOA EED RPL29 RPL10 CEBPD TUBB6 CCND3 RPL11 RPL6 POLR2I SMARCA4 POLR2C MAP2K1 MED11 RPL3 RPS2 VAV3 HES1 STAT3 ITGA1 RPS23 RPL38 CDC42 PSMB1 ETF1 PDLIM7 CLTB CXCR4 POLR2J ELOC RPLP2 LYN CAPNS1 ROCK1 PSMD10 ARHGEF7 ACTR3 MED13L MED21 PIK3CB GAB1 RPS21 CAPN1 LPL SREBF2"
"115","WP_MAPK_AND_NFKB_SIGNALLING_PATHWAYS_INHIBITED_BY_YERSINIA_YOPJ",0.0269124870331701,0.226691582771544,0.352487857583619,-0.693580370450303,-1.64524027651295,10,"NFKBIA RRAS"
"116","REACTOME_ENDOSOMAL_SORTING_COMPLEX_REQUIRED_FOR_TRANSPORT_ESCRT",0.0205963902171589,0.197725346084725,0.352487857583619,-0.540712239174197,-1.64800156377308,23,"UBA52 RPS27A SNF8 CHMP4B VPS37A STAM2 TSG101 CHMP5 UBB CHMP2A"
"117","SA_TRKA_RECEPTOR",0.0314634255052884,0.244904501230353,0.321775918075361,-0.634062866115376,-1.64884427492645,13,"HRAS RHOA MAP2K1 CDKN1A GRB2 MAP2K2 PIK3CA AKT2 SHC1"
"118","WP_PHYTOCHEMICAL_ACTIVITY_ON_NRF2_TRANSCRIPTIONAL_ACTIVATION",0.0256410578787241,0.222652000072539,0.352487857583619,-0.695219613626367,-1.6491287211852,10,"CEBPB SLC7A11 HMOX1"
"119","WP_GASTRIN_SIGNALING_PATHWAY",0.00349688829785918,0.0616594181500067,0.431707695803346,-0.417040730724497,-1.65435633195036,74,"PTGS2 NFKBIA ANXA2 FOS CD44 SERPINB2 VEGFA EIF4EBP1 RPS6 HRAS RHOA BIRC3 MAP2K1 STAT3 CDC42 BAD ROCK1 IKBKB CASP3 ARRB1 CDKN1B"
"120","BIOCARTA_CASPASE_PATHWAY",0.0270245752609595,0.226691582771544,0.352487857583619,-0.619153712581141,-1.66195889391933,15,"ARHGDIB CASP4 LMNB1 LMNA BIRC3 APAF1 CASP3 CASP6 CASP8 CASP1"
"121","BIOCARTA_ARENRF2_PATHWAY",0.0265921913553224,0.226361116561562,0.352487857583619,-0.619883843758352,-1.66391874327344,15,"FOS HMOX1 POR NFE2L2 MAFG MAPK14 MAPK1"
"122","PID_P38_ALPHA_BETA_DOWNSTREAM_PATHWAY",0.0168837333890279,0.174701145486469,0.352487857583619,-0.520587385586284,-1.67073624252371,28,"PTGS2 CEBPB NOS2 EIF4EBP1 MAPKAPK2"
"123","REACTOME_INTERLEUKIN_12_FAMILY_SIGNALING",0.0138632033655844,0.15356163728032,0.380730400722792,-0.481270665237475,-1.67085557214582,40,"SOD2 ANXA2 RPLP0 PITPNA SERPINB2 TALDO1 BOLA2 LMNB1 MIF RAP1B LCP1 STAT3 CDC42"
"124","WP_NUCLEAR_RECEPTORS_METAPATHWAY",0.000331270142309235,0.00970228484593827,0.49849310876659,-0.395539038300104,-1.67658005046922,121,"IL1B PTGS2 SRGN SLC7A11 MGST1 GSR ALOX5AP SERPINB2 PRDX6 HMOX1 BHLHE40 JUNB TXN1 ALAS1 DBI PGD SCP2 PRDX1 CDC42EP3 TNFAIP3 SLC2A1 PDE4B BIRC3 THBD NFKB2 JUND HES1 STAT3 TXNRD1 SRXN1"
"125","PID_ANTHRAX_PATHWAY",0.0162764296459117,0.172550125325985,0.352487857583619,-0.664610344885362,-1.67884385550455,12,"IL1B MAP2K3 MAP2K1 IL18 ANTXR2 MAPK1 CASP1 MAP2K4 MAP2K2"
"126","PID_INTEGRIN_A9B1_PATHWAY",0.0282401090241753,0.230818948568457,0.352487857583619,-0.635722309766112,-1.68040608769438,14,"FN1 NOS2 TGM2 ADAM8 VEGFA F13A1"
"127","WP_HEREDITARY_LEIOMYOMATOSIS_AND_RENAL_CELL_CARCINOMA_PATHWAY",0.0214085780082603,0.201054471729749,0.352487857583619,-0.586336998885822,-1.68080671998594,18,"HIF1A VEGFA LDHA RPS6 SLC2A1"
"128","BIOCARTA_KERATINOCYTE_PATHWAY",0.0237173462248374,0.213456116023537,0.352487857583619,-0.499096389877813,-1.68098966518197,32,"NFKBIA FOS TNFRSF1B MAP2K3 ETS2 HRAS MAP2K1 DAXX IKBKB FAS MAPK14 MAPK1"
"129","KEGG_GLUTATHIONE_METABOLISM",0.0241182344557215,0.215939425593196,0.352487857583619,-0.571963028185374,-1.68519020053819,21,"MGST1 GSR GPX1 IDH1 PGD GPX4"
"130","NABA_MATRISOME_ASSOCIATED",0.000288461683697532,0.00874494367419885,0.49849310876659,-0.398925492452523,-1.68939057236587,125,"CXCL2 SLPI S100A4 IL1B CLEC4E S100A11 S100A6 S100A10 ANXA2 IL1RN ANXA1 F10 CLEC4D TIMP1 CCL6 CCL9 TGM2 ADAM8 LGALS3 SERPINB2 VEGFA SDC1 CLEC4N F13A1 INHBA S100A13 ANXA5 EGLN3 MMP19 MMP8"
"131","REACTOME_SMOOTH_MUSCLE_CONTRACTION",0.0199149009198476,0.194423439488682,0.352487857583619,-0.622097899002818,-1.69395734399701,16,"ANXA2 ANXA1 MYL12A MYL6 MYL12B TPM4 ITGA1"
"132","BIOCARTA_TOLL_PATHWAY",0.0299673328177028,0.236454571273929,0.352487857583619,-0.585497627976472,-1.69626936280148,19,"NFKBIA FOS MAP2K3 IKBKB PGLYRP1 MAPK14 MYD88 MAP2K4"
"133","REACTOME_IKK_COMPLEX_RECRUITMENT_MEDIATED_BY_RIP1",0.0299673328177028,0.236454571273929,0.352487857583619,-0.586060090746295,-1.69789889692524,19,"CD14 UBA52 RPS27A BIRC3 IKBKB UBB"
"134","WP_APOPTOSIS_MODULATION_AND_SIGNALING",0.00517178182852693,0.0796674643343147,0.407017918923954,-0.458564310404208,-1.69946903072218,55,"NFKBIA FOS MCL1 CASP4 TNFRSF1B BNIP3 BIRC3 DAXX BAD APAF1 CAPNS1 IKBKB CASP3 FAS CASP6 CASP8 MYD88 BAX CASP1"
"135","REACTOME_OXIDATIVE_STRESS_INDUCED_SENESCENCE",0.00724331983741174,0.0977848178050585,0.407017918923954,-0.476761352121833,-1.69987515427795,44,"FOS H3F3A UBA52 CDKN2D KDM6B TXN1 RPS27A MAPKAPK2 MAP2K3 H3F3B EED MDM2"
"136","REACTOME_RESPIRATORY_ELECTRON_TRANSPORT_ATP_SYNTHESIS_BY_CHEMIOSMOTIC_COUPLING_AND_HEAT_PRODUCTION_BY_UNCOUPLING_PROTEINS",0.000941398188049779,0.0211264424538963,0.477270815362862,-0.411024636514625,-1.70090574088079,103,"MT-CO1 UQCRH ATP5H MT-CO3 MT-ATP6 MT-CO2 COX7A2L ATP5D ATP5J2 NDUFB2 ATP5L NDUFA2 COX6B1 SDHD COX5B NDUFA3 NDUFS3 COX6C ATP5E NDUFS2 UQCRFS1 NDUFA11 MT-ATP8 NDUFB3 COX19 ATP5K UCP2 NDUFA1 NDUFA9 NDUFA6 MT-ND3 NDUFB7 NDUFB10 NDUFV3 NDUFB11 MT-CYTB ATP5C1 SDHC NDUFA8 NDUFB8 UQCRC1 COX7C UQCRB NDUFA7 CYC1 NDUFB5"
"137","REACTOME_LATE_ENDOSOMAL_MICROAUTOPHAGY",0.0152474605964306,0.162927614808969,0.380730400722792,-0.560985204419221,-1.72073950282794,24,"VIM UBA52 RPS27A PLIN2 CHMP4B VPS37A TSG101 UBB CHMP2A HSPA8"
"138","BIOCARTA_CDMAC_PATHWAY",0.0204232403190511,0.197158431683353,0.352487857583619,-0.66292621302754,-1.72390176031888,13,"NFKBIA FOS PLCB1 HRAS MAP2K1"
"139","REACTOME_GLYCOGEN_SYNTHESIS",0.014102614073304,0.155218580373689,0.380730400722792,-0.706784433571068,-1.72581106224995,11,"UBA52 RPS27A UGP2 GYG PGM1 UBB GBE1 GYS1 PGM2"
"140","PID_P38_ALPHA_BETA_PATHWAY",0.0291969601781419,0.234662079943392,0.352487857583619,-0.60923639996399,-1.72599933178629,17,"FGR MAP2K3 DUSP1 CDC42 LYN DUSP16 MAPK14 FYN MAP2K4 RALB RAC1 PAK2 RIPK1"
"141","WP_GLUCOCORTICOID_RECEPTOR_PATHWAY",0.0148150261091747,0.160002281979087,0.380730400722792,-0.518217560116555,-1.73503875480774,31,"PTGS2 SRGN ALOX5AP BHLHE40 CDC42EP3 TNFAIP3 PDE4B BIRC3 THBD NFKB2"
"142","REACTOME_TAK1_ACTIVATES_NFKB_BY_PHOSPHORYLATION_AND_ACTIVATION_OF_IKKS_COMPLEX",0.0130864515338317,0.146840183444553,0.380730400722792,-0.565924826406242,-1.73589106585517,24,"NFKBIA UBA52 RPS27A NFKBIB NKIRAS2 NFKB2 IKBKB RIPK2 UBB APP"
"143","WP_ELECTRON_TRANSPORT_CHAIN_OXPHOS_SYSTEM_IN_MITOCHONDRIA",0.000873277194040998,0.0203922025851736,0.477270815362862,-0.423654956361555,-1.73592023766608,92,"MT-CO1 UQCRH ATP5H MT-CO3 MT-ATP6 MT-CO2 COX7A2L ATP5D ATP5J2 SLC25A5 NDUFB2 ATP5L COX17 NDUFA2 COX6B1 SDHD COX5B NDUFA3 NDUFS3 COX6C ATP5E NDUFS2 UQCRFS1 MT-ATP8 NDUFB3 ATP5K UCP2 NDUFA1 NDUFA9 NDUFA6 MT-ND3 NDUFB7 NDUFB10 NDUFV3 MT-CYTB ATP5C1 SDHC NDUFA8 NDUFB8 UQCRC1 COX7C UQCRB"
"144","REACTOME_INFECTION_WITH_MYCOBACTERIUM_TUBERCULOSIS",0.0120065389688313,0.139320726448833,0.380730400722792,-0.567407227666349,-1.74043811341938,24,"NOS2 ENO1 PGK1 UBA52 CORO1A RPS27A"
"145","REACTOME_P75NTR_RECRUITS_SIGNALLING_COMPLEXES",0.0123358036702084,0.141167342663047,0.380730400722792,-0.734209207158848,-1.74161583930082,10,"UBA52 RPS27A IKBKB RIPK2 UBB MYD88 SQSTM1"
"146","REACTOME_NF_KB_IS_ACTIVATED_AND_SIGNALS_SURVIVAL",0.0113457703314846,0.13521028367452,0.380730400722792,-0.715366894699607,-1.7467675316534,11,"NFKBIA UBA52 RPS27A"
"147","WP_NUCLEOTIDEBINDING_OLIGOMERIZATION_DOMAIN_NOD_PATHWAY",0.0176485892484994,0.180454214327852,0.352487857583619,-0.524152217660748,-1.74774677237771,30,"IL1B NFKBIA MEFV NLRP3 CASP4 IL18 SUGT1 IKBKB RIPK2 PRDM1 CASP8 CARD9"
"148","NABA_MATRISOME",5.9108385051565e-05,0.00243188784212153,0.557332238758646,-0.405916452820906,-1.75226151493601,148,"CXCL2 SLPI S100A4 IL1B CLEC4E THBS1 S100A11 FN1 S100A6 S100A10 ANXA2 SRGN IL1RN ANXA1 F10 CLEC4D VCAN TIMP1 CCL6 CCL9 TGM2 EMILIN2 ADAM8 LRG1 LGALS3 SERPINB2 VEGFA SDC1 CLEC4N F13A1 INHBA TGFBI S100A13 ANXA5 EGLN3 MMP19 MMP8"
"149","WP_ONCOSTATIN_M_SIGNALING_PATHWAY",0.00281971574727998,0.0518347745882958,0.431707695803346,-0.482059739626855,-1.75311434489673,48,"NFKBIA CEBPB FOS HIF1A VEGFA JUNB SOCS3 RPS6 HRAS JUND MAP2K1 STAT3"
"150","WP_FAS_LIGAND_FASL_PATHWAY_AND_STRESS_INDUCTION_OF_HEAT_SHOCK_PROTEINS_HSP_REGULATION",0.0141954277478567,0.155251260432256,0.380730400722792,-0.532056271215976,-1.75521452737177,29,"ACTG1 ARHGDIB MAPKAPK2 LMNB1 IL1A LMNA DAXX APAF1 CASP3 RIPK2 FAS CASP6 CASP8"
"151","WP_STING_PATHWAY_IN_KAWASAKILIKE_DISEASE_AND_COVID19",0.0104499647560457,0.127165768298922,0.380730400722792,-0.648593322453627,-1.76610373318873,16,"IL1B NFKBIA NLRP3 IKBKE NFKBIE"
"152","REACTOME_SUPPRESSION_OF_PHAGOSOMAL_MATURATION",0.00737610020528434,0.0988054353079949,0.407017918923954,-0.700691759892027,-1.76998757956484,12,"NOS2 UBA52 CORO1A RPS27A"
"153","REACTOME_PURINERGIC_SIGNALING_IN_LEISHMANIASIS_INFECTION",0.00973666693960705,0.11932596079178,0.380730400722792,-0.577790577950069,-1.77228751134315,24,"IL1B HMOX1 C3 MEFV TXN1 PSTPIP1 NLRP3 IL1A NFKB2 IL18 SUGT1"
"154","KEGG_PEROXISOME",0.00500063750036044,0.0784447481393817,0.407017918923954,-0.504887796100915,-1.77615602991109,41,"SOD2 PRDX5 NOS2 HMGCL IDH1 XDH SCP2 PRDX1 ACOT8"
"155","WP_TGFB_SIGNALING_IN_THYROID_CELLS_FOR_EPITHELIALMESENCHYMAL_TRANSITION",0.00891587152921637,0.113161296349837,0.380730400722792,-0.72831417464916,-1.77838192198467,11,"FN1 VIM"
"156","WP_CORTICOTROPINRELEASING_HORMONE_SIGNALING_PATHWAY",0.00252854926545013,0.0474927514206285,0.431707695803346,-0.492874976702758,-1.80022223124883,50,"NFKBIA FOS FOSL2 JUNB GJA1 GNAI2 GNB2 RAP1B RHOA JUND NR4A1 MAP2K1 IL18 CASP3 ARRB1"
"157","PID_ATF2_PATHWAY",0.00549074761449852,0.0825044511117691,0.407017918923954,-0.531334892328747,-1.80132455728862,34,"ARG1 NOS2 FOS JUNB SOCS3 DUSP1 ATF3 CSRP2 GADD45A JDP2 JUND HES1"
"158","REACTOME_METABOLISM_OF_NUCLEOTIDES",0.00198017652116025,0.039469614830135,0.431707695803346,-0.499763493542967,-1.80565236520123,47,"GDA APRT GSR GLRX UPP1 SAMHD1 TXN1 ADSSL1 CMPK1 NME2 XDH UCK2 TXNRD1 ITPA DCK NT5C NME1 ENTPD7 ADSS"
"159","PID_HIF2PATHWAY",0.00503898555756445,0.0784447481393817,0.407017918923954,-0.593511869882027,-1.80892611415137,23,"VEGFA PGK1 BHLHE40 EGLN3 SLC2A1 EIF3E ELOC"
"160","REACTOME_TRAF6_MEDIATED_INDUCTION_OF_TAK1_COMPLEX_WITHIN_TLR4_COMPLEX",0.00520973580426942,0.0796674643343147,0.407017918923954,-0.7163825550656,-1.809623428251,12,"CD14 UBA52 RPS27A"
"161","REACTOME_REGULATED_NECROSIS",0.00366715346104524,0.0627410017889721,0.431707695803346,-0.515934492819305,-1.81501745048511,41,"IL1B UBA52 RPS27A CASP4 IL1A CHMP4B FLOT2 BIRC3 IL18 IRF2 CASP3 FLOT1 FAS UBB CASP8 CHMP2A BAX CASP1"
"162","REACTOME_SIGNALING_BY_INTERLEUKINS",1.58802840528167e-07,1.24732412923942e-05,0.690132458796796,-0.389070727175515,-1.82005874043181,276,"CXCL2 IL1B PTGS2 NFKBIA SOD2 FN1 NOS2 ANXA2 VIM IL1RN ANXA1 FOS TIMP1 MCL1 HIF1A RPLP0 PITPNA SERPINB2 VEGFA SDC1 F13A1 TALDO1 CCR1 HMOX1 UBA52 JUNB CCR2 SOCS3 SEM1 PSMA7 RPS27A BOLA2 IRAK3 YWHAZ MAPKAPK2 PIM1 IL7R TNFRSF1B LMNB1 MAP2K3 IL1A MIF FPR1 SYK RAP1B PSMD8 NFKBIB LCP1 NKIRAS2 CEBPD PRTN3 NFKB2 ICAM1 SMARCA4 MAP2K1 STAT3 IL18 CDC42 PSMB1"
"163","WP_ARYL_HYDROCARBON_RECEPTOR_PATHWAY",0.00639593379921368,0.0886270853794592,0.407017918923954,-0.621337479665314,-1.83066348760523,21,"IL1B MGST1 SERPINB2 JUNB JUND HES1 CDKN1B NFE2L2"
"164","BIOCARTA_TNFR2_PATHWAY",0.00635044673007701,0.0886270853794592,0.407017918923954,-0.695666011404227,-1.83885539740743,14,"NFKBIA TRAF1 TNFRSF1B DUSP1 TNFAIP3 TANK"
"165","REACTOME_DECTIN_2_FAMILY",0.00404550143596558,0.0670107415898917,0.407017918923954,-0.776164731368338,-1.8411384342192,10,"CLEC4E CLEC4D CLEC4N SYK"
"166","WP_GLYCOLYSIS_IN_SENESCENCE",0.00422604294551343,0.0688924736778038,0.407017918923954,-0.757581957699368,-1.84984736654798,11,"ENO1 PGK1 PKM LDHA GAPDH"
"167","REACTOME_P75NTR_SIGNALS_VIA_NF_KB",0.00603501536506929,0.0876345088305861,0.407017918923954,-0.711603625502371,-1.8504845917171,13,"NFKBIA UBA52 RPS27A IKBKB RIPK2 UBB MYD88 SQSTM1"
"168","WP_AGERAGE_PATHWAY",0.00112419886218188,0.0239829090598802,0.45505986738723,-0.509458031842948,-1.85238850392956,49,"NFKBIA NOS2 HIF1A LGALS3 DIAPH1 MSR1 RHOA MAP2K1 STAT3 CDC42 ROCK1 IKBKB CASP3 CASP8 MAPK14 EZR MAPK1 SOD1 MYD88"
"169","WP_IL18_SIGNALING_PATHWAY",8.13183085040759e-06,0.00043911886592201,0.593325476396405,-0.429610844351014,-1.85690503736813,150,"CXCL2 IL1B PTGS2 IER3 ARG1 NFKBIA FN1 CEBPB NOS2 FOS TIMP1 TGM2 ACOD1 VEGFA TNFAIP2 ENO1 HMOX1 LRRFIP1 SOCS3 TRAF1 PTEN MMP8 SDC4 NCF2 NFKBIE ATF3 COX17 RPS11 TNFAIP3 NACA BTG2 BIRC3 NFKB2 ICAM1 NR4A1 IL18 BAD PLOD3"
"170","REACTOME_INTERLEUKIN_12_SIGNALING",0.00327933815568993,0.0584195498250742,0.431707695803346,-0.543443445339316,-1.85993439282503,36,"SOD2 ANXA2 RPLP0 PITPNA SERPINB2 TALDO1 BOLA2 LMNB1 MIF RAP1B LCP1"
"171","WP_P53_TRANSCRIPTIONAL_GENE_NETWORK",0.00297883077225041,0.0536189539005074,0.431707695803346,-0.548814390190522,-1.86058332083319,34,"THBS1 SLC7A11 GPX1 PTEN NCF2 SIVA1 ADORA2B DRAM1 SLC2A1 BTG2 IRF5 GADD45A ICAM1"
"172","REACTOME_TRANSLATION",5.13989980534747e-08,4.31821823265595e-06,0.719512826338911,-0.405240805194144,-1.87413421661424,250,"RPLP0 MRPL33 RPSA EIF4EBP1 RPS5 UBA52 MRPL52 SEC61G EIF3F RPS10 RPS7 RPS16 RPL7 RPS3A1 RPL19 RPS18 RPS27A RPS15A RPS4X RPS27 RPS13 RPL4 RPS24 RPL9 EEF1B2 RPL28 FAU RPL22L1 EIF3K RPL37A RPL35 RPL22 RPS9 RPL34 RPL24 RPL8 RPS19 RPL13 RPS3 RPL17 RPL26 RPS20 RPL32 RPL18 RPS26 SEC61B RPS14 RPL18A RPL36 RPL39 RPL35A RPL36A RPS28 SRP19 MRPL54 MRPS24 RPL15 RPS11 RPL37 RPL21 RPL23 RPS6 RPL27A RPL27 EIF3H MRPL58 MRPS21 RPL29 RPL10 RPL11 RPL6 RPL3 RPS2 RPS23 RPL38 ETF1 EIF3E EEF1A1"
"173","REACTOME_ACTIVATION_OF_IRF3_IRF7_MEDIATED_BY_TBK1_IKK_EPSILON",0.00490177369542552,0.0777088527128008,0.407017918923954,-0.722017606686837,-1.87756555509286,13,"CD14 UBA52 RPS27A IKBKE TANK"
"174","REACTOME_GLUCONEOGENESIS",0.00459336969639687,0.0741807741623719,0.407017918923954,-0.710422290831317,-1.87786070113843,14,"ENO1 PGK1 ALDOA GAPDH PGAM1 GPI1 TPI1"
"175","WP_PHOTODYNAMIC_THERAPYINDUCED_NFKB_SURVIVAL_SIGNALING",0.00583281193593001,0.0854160934346361,0.407017918923954,-0.649651373724775,-1.88213182956826,19,"IL1B PTGS2 VEGFA IL1A BIRC3 NFKB2 ICAM1"
"176","WP_PROSTAGLANDIN_SYNTHESIS_AND_REGULATION",0.00354592805437685,0.0618925624036687,0.431707695803346,-0.641261881865861,-1.8893672948189,21,"PTGS2 S100A6 S100A10 ANXA2 PTGES ANXA1 ANXA5"
"177","REACTOME_NERVOUS_SYSTEM_DEVELOPMENT",9.50033757205116e-09,8.64030701289706e-07,0.747739663149885,-0.395434190937857,-1.89427046455966,298,"ACTG1 RPLP0 PITPNA RPSA RPS5 UBA52 RRAS RPS10 MYL12A RPS7 SEM1 RPS16 RPL7 RPS3A1 ARPC1B RPL19 ARPC3 RPS18 PSMA7 RPS27A RPS15A RPS4X RPS27 RPS13 RPL4 RPS24 RPL9 ARPC2 RPL28 FAU RPL22L1 RPL37A MYL6 RPL35 RPL22 RPS9 RPL34 RPL24 RPL8 RPS19 RPL13 RPS3 RPL17 RPL26 RPS20 PFN1 RPL32 RPL18 RPS26 RPS14 RPL18A MYL12B RPL36 RPL39 RPL35A ARPC5 RPL36A RPS28 RPL15 MET RPS11 RPL37 RPL21 RPL23 PSMD8 RPS6 RPL27A RPL27 HRAS RHOA RPL29 RPL10 TUBB6 RPL11 RPL6 SMARCA4 MAP2K1 RPL3 RPS2 VAV3 ITGA1 RPS23 RPL38 CDC42 PSMB1 ETF1 PDLIM7 CLTB CXCR4 ELOC RPLP2 LYN ROCK1 PSMD10 ARHGEF7 ACTR3 PIK3CB GAB1 RPS21"
"178","NABA_SECRETED_FACTORS",0.00295215702244442,0.0536189539005074,0.431707695803346,-0.54262643943295,-1.90170439096052,39,"CXCL2 S100A4 IL1B S100A11 S100A6 S100A10 IL1RN CCL6 CCL9 VEGFA INHBA S100A13"
"179","REACTOME_EPH_EPHRIN_SIGNALING",0.000749966537903792,0.0190579731984964,0.477270815362862,-0.532049405989838,-1.90277062544006,45,"ACTG1 MYL12A ARPC1B ARPC3 ARPC2 MYL6 MYL12B ARPC5 HRAS RHOA VAV3 CDC42 CLTB LYN ROCK1 ARHGEF7 ACTR3"
"180","WP_SENESCENCE_AND_AUTOPHAGY_IN_CANCER",0.000498948092112699,0.0136152586412787,0.477270815362862,-0.492601802185947,-1.90837839234162,67,"CXCL2 IL1B THBS1 FN1 CEBPB CD44 SERPINB2 INHBA IFI205 PTEN MAP2K3 IL1A HRAS IRF5 MDM2 MAP1LC3B MAP2K1"
"181","WP_GLYCOLYSIS_AND_GLUCONEOGENESIS",0.00273305012570966,0.0507818345938311,0.431707695803346,-0.604709835529495,-1.91501136952433,26,"ENO1 PGK1 ALDOA PKM PFKP LDHA GAPDH PGAM1 GPI1 TPI1 SLC2A1"
"182","REACTOME_TP53_REGULATES_METABOLIC_GENES",0.000232615736094646,0.00762970883904153,0.518848077743792,-0.499385579736935,-1.91760930670431,65,"PRDX5 GSR MT-CO1 DDIT4 MT-CO3 MT-CO2 PTEN TXN1 COX7A2L YWHAZ GPI1 PRDX1 COX6B1 PRDX2 COX5B LAMTOR4 COX6C TXNRD1 YWHAG"
"183","REACTOME_INTERCONVERSION_OF_NUCLEOTIDE_DI_AND_TRIPHOSPHATES",0.00617256557282016,0.0881503579325061,0.407017918923954,-0.677153640800693,-1.91841251049302,17,"GSR GLRX TXN1 CMPK1 NME2 TXNRD1"
"184","KEGG_PENTOSE_PHOSPHATE_PATHWAY",0.00204184820315164,0.0400944738073413,0.431707695803346,-0.681683859095332,-1.95413015629345,18,"TALDO1 ALDOA PFKP GPI1 PGD PGLS RPE PGM1 PFKL"
"185","WP_LTF_DANGER_SIGNAL_RESPONSE_PATHWAY",0.000870369528855431,0.0203922025851736,0.477270815362862,-0.780167810310398,-1.97074864193992,12,"IL1B CD14 TREM1 IL1A"
"186","REACTOME_RESPONSE_OF_MTB_TO_PHAGOCYTOSIS",0.00111786574535996,0.0239829090598802,0.45505986738723,-0.673171755653763,-1.98338422241366,21,"NOS2 ENO1 PGK1 UBA52 CORO1A RPS27A"
"187","REACTOME_CELLULAR_RESPONSE_TO_CHEMICAL_STRESS",2.03048333289641e-06,0.000116955839974833,0.627256739718528,-0.471555378901869,-1.98667435095252,123,"SOD2 PRDX5 GSR PRDX6 GPX1 HMOX1 UBA52 MT-CO1 SEM1 MT-CO3 MT-CO2 TXN1 COX7A2L PSMA7 RPS27A CYBB ATOX1 NLRP3 NCF4 NCF2 PRDX1 COX6B1 PSMD8 PRDX2 COX5B COX6C STAT3 PSMB1 TXNRD1"
"188","WP_MITOCHONDRIAL_CIV_ASSEMBLY",0.000868500501485885,0.0203922025851736,0.477270815362862,-0.619278171827613,-1.98746745411627,28,"HIGD1A MT-CO1 MT-CO3 MT-CO2 COX17 SMIM20 COX6B1 COX5B COX6C"
"189","WP_HYPERTROPHY_MODEL",0.000470976738518126,0.0131265774864407,0.49849310876659,-0.79281196906434,-2.0026885122646,12,"VEGFA EIF4EBP1 IFRD1 IL1A ATF3 JUND IL18"
"190","REACTOME_EPHB_MEDIATED_FORWARD_SIGNALING",0.000934022222637672,0.0211264424538963,0.477270815362862,-0.664930339720566,-2.01731231592777,22,"ACTG1 ARPC1B ARPC3 ARPC2 ARPC5 HRAS RHOA CDC42 LYN ROCK1 ACTR3"
"191","WP_SPINAL_CORD_INJURY",0.000100690859321682,0.00378247401973622,0.538434096309916,-0.547720330922646,-2.02075123274792,53,"CXCL2 IL1B PTGS2 ARG1 NOS2 VIM ANXA1 FOS VCAN LGALS3 LTB4R1 CCR2 CD47 GJA1 IL1A MIF RHOA BTG2 GADD45A ICAM1 NR4A1 CHST11 CDC42 PIRB ZFP36 CASP3 FKBP1A XYLT1 CDKN1B"
"192","REACTOME_GENE_AND_PROTEIN_EXPRESSION_BY_JAK_STAT_SIGNALING_AFTER_INTERLEUKIN_12_STIMULATION",0.000819302117008544,0.0202250579741538,0.477270815362862,-0.607534037209212,-2.03407831102001,31,"SOD2 ANXA2 RPLP0 PITPNA SERPINB2 TALDO1 BOLA2 LMNB1 MIF RAP1B LCP1 CDC42"
"193","WP_NOCGMPPKG_MEDIATED_NEUROPROTECTION",0.00158025155430666,0.0328996950101435,0.45505986738723,-0.71979841405133,-2.03922743576526,17,"IL1B NFKBIA NOS2 TSPO"
"194","PID_IL23_PATHWAY",0.000526506299112658,0.0139969674594873,0.477270815362862,-0.7740470130447,-2.04604006010188,14,"CXCL2 IL1B NFKBIA NOS2 SOCS3"
"195","WP_METABOLIC_REPROGRAMMING_IN_COLON_CANCER",0.000466395237335079,0.0131265774864407,0.49849310876659,-0.619571309481098,-2.0743801755288,31,"TALDO1 ENO1 PGK1 PKM LDHA GAPDH SLC16A3 PGAM1 GPI1 PGD SLC2A1 ACLY"
"196","REACTOME_CELLULAR_RESPONSES_TO_EXTERNAL_STIMULI",3.34427286694693e-14,5.25354864916753e-12,0.965327754226083,-0.412263655241435,-2.09003364987111,431,"SOD2 PRDX5 CEBPB FOS HIF1A RPLP0 HIGD1A GSR H3F3A VEGFA PRDX6 GPX1 HMOX1 RPSA RPS5 UBA52 MT-CO1 CDKN2D RPS10 MT1 KDM6B RPS7 EGLN3 SEM1 RPS16 MT-CO3 RPL7 RPS3A1 MT-CO2 RPL19 TXN1 COX7A2L RPS18 PSMA7 RPS27A RPS15A RPS4X DYNLL1 RPS27 RPS13 ATP6V1E1 RPL4 RPS24 CYBB RPL9 RPL28 FAU RPL22L1 RPL37A ATOX1 RPL35 RPL22 RPS9 RPL34 RPL24 RPL8 RPS19 NLRP3 RPL13 RPS3 RPL17 NCF4 MAPKAPK2 RPL26 RPS20 RPL32 RPL18 NCF2 LMNB1 MAP2K3 RPS26 RPS14 H3F3B ETS2 IL1A RPL18A ATF3 RPL36 RPL39 RPL35A RPL36A RPS28 ATP6V1F ATP6V1D PRDX1 RPL15 RPS11 RPL37 COX6B1 RPL21 RPL23 PSMD8 RPS6 RPL27A RPL27 PRDX2 EED COX5B RPL29 RPL10 TUBB6 MDM2 RPL11 RPL6 LAMTOR4 COX6C RPL3 RPS2 STAT3 RPS23 RPL38 PSMB1 TXNRD1 EEF1A1 CDC26"
"197","WP_FIBRIN_COMPLEMENT_RECEPTOR_3_SIGNALING_PATHWAY",0.000413644063461173,0.0119129490276818,0.49849310876659,-0.681786935722659,-2.09128102411286,24,"CXCL2 CD14 NOS2 SYK RHOA"
"198","WP_SELENIUM_MICRONUTRIENT_NETWORK",0.000234190203053117,0.00762970883904153,0.518848077743792,-0.586008109104291,-2.09173360522169,42,"IL1B PTGS2 SOD2 PRDX5 MSRB1 GSR ALOX5AP GPX1 TXN1 XDH PRDX1 GPX4 PRDX2 SELENOW NFKB2 ICAM1 TXNRD1 F7"
"199","REACTOME_INTERLEUKIN_10_SIGNALING",0.000257631716049491,0.0080943200969731,0.49849310876659,-0.687788746060229,-2.09626645548821,23,"CXCL2 IL1B PTGS2 IL1RN TIMP1 CCR1 CCR2 TNFRSF1B IL1A FPR1 ICAM1 STAT3 IL18"
"200","KEGG_GLYCOLYSIS_GLUCONEOGENESIS",0.000238428401220048,0.00762970883904153,0.518848077743792,-0.664518320358334,-2.10114495313759,27,"ENO1 PGK1 ALDOA PKM PFKP LDHA GAPDH PGAM1 ALDH2 ALDH3B1 GPI1 TPI1"
"201","WP_NEUROINFLAMMATION",0.000119719749980498,0.00440161123332555,0.538434096309916,-0.810653218678305,-2.10805740250557,13,"NFKBIA NOS2 FOS MT-CO1 MT-CO2"
"202","REACTOME_INTERLEUKIN_4_AND_INTERLEUKIN_13_SIGNALING",3.88303259462836e-05,0.00172048213423533,0.557332238758646,-0.560605970864459,-2.11099884921153,57,"IL1B PTGS2 FN1 NOS2 VIM ANXA1 FOS TIMP1 MCL1 HIF1A VEGFA F13A1 HMOX1 JUNB SOCS3 PIM1 TNFRSF1B IL1A"
"203","WP_SIGNAL_TRANSDUCTION_THROUGH_IL1R",9.70259731509073e-05,0.00376330484844729,0.538434096309916,-0.733808658486419,-2.1391690291915,20,"IL1B NFKBIA IL1RN IRAK3 MAP2K3 IL1A"
"204","BIOCARTA_IL1R_PATHWAY",0.000188200117233005,0.00650419605157264,0.518848077743792,-0.747950260369892,-2.16691759443955,19,"IL1B NFKBIA IL1RN IRAK3 MAP2K3 IL1A"
"205","WP_COMPUTATIONAL_MODEL_OF_AEROBIC_GLYCOLYSIS",9.91042653137196e-07,6.53166460686979e-05,0.643551836150722,-0.927724262352764,-2.20065242176631,10,"ENO1 PGK1 ALDOA PKM LDHA GAPDH GPI1 TPI1 SLC2A1"
"206","REACTOME_ACTIVATION_OF_THE_MRNA_UPON_BINDING_OF_THE_CAP_BINDING_COMPLEX_AND_EIFS_AND_SUBSEQUENT_BINDING_TO_43S",3.05743157615123e-06,0.000170427153664172,0.627256739718528,-0.59878184376056,-2.24979383706694,58,"RPSA EIF4EBP1 RPS5 EIF3F RPS10 RPS7 RPS16 RPS3A1 RPS18 RPS27A RPS15A RPS4X RPS27 RPS13 RPS24 FAU EIF3K RPS9 RPS19 RPS3 RPS20 RPS26 RPS14 RPS28 RPS11 RPS6 EIF3H RPS2 RPS23 EIF3E"
"207","WP_PHOTODYNAMIC_THERAPYINDUCED_HIF1_SURVIVAL_SIGNALING",2.36214537287646e-05,0.00110318573090014,0.575610261071129,-0.74814472050456,-2.26977394264254,22,"PTGS2 NOS2 MCL1 HIF1A VEGFA PGK1 PKM LDHA SLC2A1 BNIP3 BNIP3L"
"208","WP_CORI_CYCLE",5.2478346577416e-08,4.31821823265595e-06,0.719512826338911,-0.917692345349115,-2.31814350632575,12,"TALDO1 PGK1 ALDOA PFKP LDHA GAPDH PGAM1 GPI1 TPI1 SLC2A1"
"209","REACTOME_RRNA_PROCESSING",2.30896464592551e-11,2.65992727210619e-09,0.863415391606693,-0.541643716130586,-2.33816942374914,148,"RPLP0 RPSA RPS5 UBA52 RPS10 RPS7 RPS16 RPL7 RPS3A1 RPL19 RPS18 RPS27A RPS15A RPS4X RPS27 RPS13 RPL4 RPS24 RPL9 RPL28 FAU RPL22L1 RPL37A RPL35 RPL22 RPS9 RPL34 RPL24 RPL8 RPS19 RPL13 RPS3 RPL17 RPL26 RPS20 RPL32 RPL18 RPS26 RPS14 RPL18A EXOSC3 RPL36 RPL39 RPL35A RPL36A RPS28 RPL15 RPS11 RPL37 RPL21 RPL23 RPS6 HSD17B10 RPL27A RPL27 RPL29 RPL10 C1D RPL11 RPL6 RPL3 RPS2 RPS23 RPL38"
"210","PID_HIF1_TFPATHWAY",1.31973389086665e-06,7.86379366695712e-05,0.643551836150722,-0.668052962036321,-2.38191838925975,44,"NOS2 FOS MCL1 HIF1A VEGFA ENO1 PGK1 HMOX1 ALDOA BHLHE40 PKM LDHA EGLN3 NDRG1 PLIN2 PFKFB3 SLC2A1 BNIP3 PGM1 CXCR4"
"211","REACTOME_INFLUENZA_INFECTION",5.91050337035739e-11,6.00785283763386e-09,0.839088935621274,-0.565365820999784,-2.39195768201955,126,"RPLP0 RPSA RPS5 UBA52 RPS10 RPS7 RPS16 RPL7 RPS3A1 RPL19 RPS18 RPS27A RPS15A RPS4X RPS27 RPS13 RPL4 RPS24 RPL9 RPL28 FAU RPL22L1 RPL37A RPL35 RPL22 RPS9 RPL34 RPL24 RPL8 RPS19 RPL13 RPS3 RPL17 RPL26 RPS20 RPL32 RPL18 RPS26 RPS14 RPL18A RPL36 RPL39 RPL35A RPL36A RPS28 RPL15 RPS11 RPL37 RPL21 RPL23 POLR2L RPS6 RPL27A RPL27 RPL29 RPL10 RPL11 RPL6 POLR2I POLR2C RPL3 RPS2 RPS23 RPL38"
"212","REACTOME_SIGNALING_BY_ROBO_RECEPTORS",3.64060648547181e-12,4.83920615915022e-10,0.887074988399873,-0.537731058867319,-2.40470436620918,170,"RPLP0 RPSA RPS5 UBA52 RPS10 RPS7 SEM1 RPS16 RPL7 RPS3A1 RPL19 RPS18 PSMA7 RPS27A RPS15A RPS4X RPS27 RPS13 RPL4 RPS24 RPL9 RPL28 FAU RPL22L1 RPL37A RPL35 RPL22 RPS9 RPL34 RPL24 RPL8 RPS19 RPL13 RPS3 RPL17 RPL26 RPS20 PFN1 RPL32 RPL18 RPS26 RPS14 RPL18A RPL36 RPL39 RPL35A RPL36A RPS28 RPL15 RPS11 RPL37 RPL21 RPL23 PSMD8 RPS6 RPL27A RPL27 RHOA RPL29 RPL10 RPL11 RPL6 RPL3 RPS2 RPS23 RPL38 CDC42 PSMB1 ETF1 CXCR4"
"213","WP_OXIDATIVE_STRESS",3.09046268657035e-07,2.3218780532146e-05,0.674962860011025,-0.829010293553973,-2.4166969472798,20,"SOD2 MGST1 FOS GSR GPX1 HMOX1 JUNB MT1 CYBB XDH"
"214","REACTOME_METABOLISM_OF_AMINO_ACIDS_AND_DERIVATIVES",9.30968667585816e-14,1.34059488132357e-11,0.954541630725724,-0.524546732300672,-2.41876735741115,200,"ARG1 RPLP0 GSR RPSA RPS5 UBA52 SMOX ARG2 RPS10 ASS1 RPS7 SEM1 RPS16 RPL7 RPS3A1 RPL19 RPS18 PSMA7 RPS27A RPS15A RPS4X RPS27 RPS13 RPL4 RPS24 RPL9 RPL28 FAU RPL22L1 RPL37A RPL35 RPL22 RPS9 RPL34 RPL24 RPL8 RPS19 RPL13 RPS3 RPL17 RPL26 RPS20 RPL32 RPL18 RPS26 RPS14 RPL18A RPL36 RPL39 RPL35A RPL36A RPS28 SQOR RPL15 RPS11 RPL37 RPL21 AUH RPL23 PSMD8 RPS6 HSD17B10 RPL27A RPL27 OAZ1 RPL29 RPL10 RPL11 RPL6 GCSH RPL3 RPS2 RPS23 RPL38 PSMB1 TXNRD1 GLUD1"
"215","REACTOME_DETOXIFICATION_OF_REACTIVE_OXYGEN_SPECIES",3.56075391699919e-07,2.56374282023942e-05,0.674962860011025,-0.784769864993157,-2.48523031315681,26,"SOD2 PRDX5 GSR PRDX6 GPX1 TXN1 CYBB ATOX1 NCF4 NCF2 PRDX1 PRDX2 TXNRD1 P4HB"
"216","REACTOME_REGULATION_OF_EXPRESSION_OF_SLITS_AND_ROBOS",1.21487074635296e-14,2.33255183299768e-12,0.986546283587582,-0.593792292532123,-2.56356868308202,147,"RPLP0 RPSA RPS5 UBA52 RPS10 RPS7 SEM1 RPS16 RPL7 RPS3A1 RPL19 RPS18 PSMA7 RPS27A RPS15A RPS4X RPS27 RPS13 RPL4 RPS24 RPL9 RPL28 FAU RPL22L1 RPL37A RPL35 RPL22 RPS9 RPL34 RPL24 RPL8 RPS19 RPL13 RPS3 RPL17 RPL26 RPS20 RPL32 RPL18 RPS26 RPS14 RPL18A RPL36 RPL39 RPL35A RPL36A RPS28 RPL15 RPS11 RPL37 RPL21 RPL23 PSMD8 RPS6 RPL27A RPL27 RPL29 RPL10 RPL11 RPL6 RPL3 RPS2 RPS23 RPL38 PSMB1 ETF1"
"217","REACTOME_SRP_DEPENDENT_COTRANSLATIONAL_PROTEIN_TARGETING_TO_MEMBRANE",1.53576295154722e-14,2.6537983802736e-12,0.97599468306432,-0.656163169006693,-2.7142347567231,104,"RPLP0 RPSA RPS5 UBA52 SEC61G RPS10 RPS7 RPS16 RPL7 RPS3A1 RPL19 RPS18 RPS27A RPS15A RPS4X RPS27 RPS13 RPL4 RPS24 RPL9 RPL28 FAU RPL22L1 RPL37A RPL35 RPL22 RPS9 RPL34 RPL24 RPL8 RPS19 RPL13 RPS3 RPL17 RPL26 RPS20 RPL32 RPL18 RPS26 SEC61B RPS14 RPL18A RPL36 RPL39 RPL35A RPL36A RPS28 SRP19 RPL15 RPS11 RPL37 RPL21 RPL23 RPS6 RPL27A RPL27 RPL29 RPL10 RPL11 RPL6 RPL3 RPS2 RPS23 RPL38"
"218","REACTOME_EUKARYOTIC_TRANSLATION_INITIATION",2.10832777957567e-16,4.55398800388346e-14,1.04762648849882,-0.663052646106246,-2.78663727058595,112,"RPLP0 RPSA EIF4EBP1 RPS5 UBA52 EIF3F RPS10 RPS7 RPS16 RPL7 RPS3A1 RPL19 RPS18 RPS27A RPS15A RPS4X RPS27 RPS13 RPL4 RPS24 RPL9 RPL28 FAU RPL22L1 EIF3K RPL37A RPL35 RPL22 RPS9 RPL34 RPL24 RPL8 RPS19 RPL13 RPS3 RPL17 RPL26 RPS20 RPL32 RPL18 RPS26 RPS14 RPL18A RPL36 RPL39 RPL35A RPL36A RPS28 RPL15 RPS11 RPL37 RPL21 RPL23 RPS6 RPL27A RPL27 EIF3H RPL29 RPL10 RPL11 RPL6 RPL3 RPS2 RPS23 RPL38 EIF3E"
"219","REACTOME_NONSENSE_MEDIATED_DECAY_NMD",2.34133944499865e-17,5.77976365851095e-15,1.07686819261983,-0.683181850727076,-2.83349694921182,107,"RPLP0 RPSA RPS5 UBA52 RPS10 RPS7 RPS16 RPL7 RPS3A1 RPL19 RPS18 RPS27A RPS15A RPS4X RPS27 RPS13 RPL4 RPS24 RPL9 RPL28 FAU RPL22L1 RPL37A RPL35 RPL22 RPS9 RPL34 RPL24 RPL8 RPS19 RPL13 RPS3 RPL17 RPL26 RPS20 RPL32 RPL18 RPS26 RPS14 RPL18A RPL36 RPL39 RPL35A RPL36A RPS28 RPL15 RPS11 RPL37 RPL21 RPL23 RPS6 RPL27A RPL27 RPL29 RPL10 RPL11 RPL6 RPL3 RPS2 RPS23 RPL38 ETF1"
"220","REACTOME_CELLULAR_RESPONSE_TO_STARVATION",2.1309101464045e-20,6.13702122164496e-18,1.16906996676109,-0.685579148848921,-2.90332649226178,125,"CEBPB RPLP0 RPSA RPS5 UBA52 RPS10 RPS7 RPS16 RPL7 RPS3A1 RPL19 RPS18 RPS27A RPS15A RPS4X RPS27 RPS13 ATP6V1E1 RPL4 RPS24 RPL9 RPL28 FAU RPL22L1 RPL37A RPL35 RPL22 RPS9 RPL34 RPL24 RPL8 RPS19 RPL13 RPS3 RPL17 RPL26 RPS20 RPL32 RPL18 RPS26 RPS14 RPL18A ATF3 RPL36 RPL39 RPL35A RPL36A RPS28 ATP6V1F ATP6V1D RPL15 RPS11 RPL37 RPL21 RPL23 RPS6 RPL27A RPL27 RPL29 RPL10 RPL11 RPL6 LAMTOR4 RPL3 RPS2 RPS23 RPL38"
"221","REACTOME_SELENOAMINO_ACID_METABOLISM",4.32627976294391e-22,1.49516228607342e-19,1.21254456769062,-0.750262794939353,-3.05776014448304,97,"RPLP0 GSR RPSA RPS5 UBA52 RPS10 RPS7 RPS16 RPL7 RPS3A1 RPL19 RPS18 RPS27A RPS15A RPS4X RPS27 RPS13 RPL4 RPS24 RPL9 RPL28 FAU RPL22L1 RPL37A RPL35 RPL22 RPS9 RPL34 RPL24 RPL8 RPS19 RPL13 RPS3 RPL17 RPL26 RPS20 RPL32 RPL18 RPS26 RPS14 RPL18A RPL36 RPL39 RPL35A RPL36A RPS28 RPL15 RPS11 RPL37 RPL21 RPL23 RPS6 RPL27A RPL27 RPL29 RPL10 RPL11 RPL6 RPL3 RPS2 RPS23 RPL38 TXNRD1"
"222","REACTOME_RESPONSE_OF_EIF2AK4_GCN2_TO_AMINO_ACID_DEFICIENCY",1.69906815613268e-23,7.33997443449319e-21,1.25451347943706,-0.770718648964243,-3.15800884704367,92,"CEBPB RPLP0 RPSA RPS5 UBA52 RPS10 RPS7 RPS16 RPL7 RPS3A1 RPL19 RPS18 RPS27A RPS15A RPS4X RPS27 RPS13 RPL4 RPS24 RPL9 RPL28 FAU RPL22L1 RPL37A RPL35 RPL22 RPS9 RPL34 RPL24 RPL8 RPS19 RPL13 RPS3 RPL17 RPL26 RPS20 RPL32 RPL18 RPS26 RPS14 RPL18A ATF3 RPL36 RPL39 RPL35A RPL36A RPS28 RPL15 RPS11 RPL37 RPL21 RPL23 RPS6 RPL27A RPL27 RPL29 RPL10 RPL11 RPL6 RPL3 RPS2 RPS23 RPL38"
"223","WP_CYTOPLASMIC_RIBOSOMAL_PROTEINS",6.17339804495587e-26,5.33381591084187e-23,1.31888879607587,-0.809227551243573,-3.24756225994106,82,"RPLP0 RPSA RPS5 UBA52 RPS10 RPS7 RPS16 RPL7 RPS3A1 RPL19 RPS18 RPS27A RPS15A RPS4X RPS27 RPS13 RPL4 RPS24 RPL9 RPL28 FAU RPL37A RPL35 RPL22 RPS9 RPL34 RPL24 RPL8 RPS19 RPL13 RPS3 RPL17 RPL26 RPS20 RPL32 RPL18 RPS26 RPS14 RPL18A RPL36 RPL39 RPL35A RPL36A RPS28 RPL15 RPS11 RPL37 RPL21 RPL23 RPS6 RPL27A RPL27 RPL29 RPL10 RPL11 RPL6 RPL3 RPS2 RPS23 RPL38"
"224","KEGG_RIBOSOME",4.60330571547799e-26,5.33381591084187e-23,1.32671609800481,-0.810278214680835,-3.25177874382314,82,"RPLP0 RPSA RPS5 UBA52 RPS10 RPS7 RPS16 RPL7 RPS3A1 RPL19 RPS18 RPS27A RPS15A RPS4X RPS27 RPS13 RPL4 RPS24 RPL9 RPL28 FAU RPL22L1 RPL37A RPL35 RPL22 RPS9 RPL34 RPL24 RPL8 RPS19 RPL13 RPS3 RPL17 RPL26 RPS20 RPL32 RPL18 RPS26 RPL18A RPL36 RPL39 RPL35A RPL36A RPS28 RPL15 RPS11 RPL37 RPL21 RPL23 RPS6 RPL27A RPL27 RPL29 RPL10 RPL11 RPL6 RPL3 RPS2 RPS23 RPL38"
"225","REACTOME_EUKARYOTIC_TRANSLATION_ELONGATION",2.16628643028435e-25,1.24778098384378e-22,1.30309315086572,-0.806019275715034,-3.25807238767897,86,"RPLP0 RPSA RPS5 UBA52 RPS10 RPS7 RPS16 RPL7 RPS3A1 RPL19 RPS18 RPS27A RPS15A RPS4X RPS27 RPS13 RPL4 RPS24 RPL9 EEF1B2 RPL28 FAU RPL22L1 RPL37A RPL35 RPL22 RPS9 RPL34 RPL24 RPL8 RPS19 RPL13 RPS3 RPL17 RPL26 RPS20 RPL32 RPL18 RPS26 RPS14 RPL18A RPL36 RPL39 RPL35A RPL36A RPS28 RPL15 RPS11 RPL37 RPL21 RPL23 RPS6 RPL27A RPL27 RPL29 RPL10 RPL11 RPL6 RPL3 RPS2 RPS23 RPL38 EEF1A1"
